time,voltage,current,power
2025-11-25 10:00:00.000,219.69776018150586,1.2970293213143536,284.95443678250217
2025-11-25 10:00:01.000,226.01674310239684,1.141040052635566,257.8941564460781
2025-11-25 10:00:02.000,219.14381198748217,0.7196725492930905,157.71178583483703
2025-11-25 10:00:03.000,213.44664067451006,1.2722171129182556,271.5504689610255
2025-11-25 10:00:04.000,213.3964428530839,1.1980481693744531,255.65921771115725
2025-11-25 10:00:05.000,219.56854376450835,0.9420142714279982,206.83670178282986
2025-11-25 10:00:06.000,227.58644528751535,1.2012795525664461,273.3949431651744
2025-11-25 10:00:07.000,221.55566114954863,0.9359749876689963,207.3705572124451
2025-11-25 10:00:08.000,226.97800712334515,0.8385633125707881,190.33542953406825
2025-11-25 10:00:09.000,220.52835494997404,1.0196051448863126,224.85184530030847
2025-11-25 10:00:10.000,222.87545399123445,0.983350380747371,219.16466254152357
2025-11-25 10:00:11.000,220.19764990792928,0.8772280114494515,193.1635465545753
2025-11-25 10:00:12.000,211.37808463072926,0.9731433677957464,205.70118115576219
2025-11-25 10:00:13.000,221.83226416378014,0.9726584695852647,215.76703056617654
2025-11-25 10:00:14.000,211.99688797446356,0.9944098684755944,210.81179748792164
2025-11-25 10:00:15.000,221.81674487608797,1.18323806068517,262.46201503467944
2025-11-25 10:00:16.000,215.6060869868653,0.9896579012858326,213.3762675518718
2025-11-25 10:00:17.000,230.53478423495073,0.8672446151446067,199.9300502312848
2025-11-25 10:00:18.000,220.72724655915147,1.0103250068130227,223.00625688369445
2025-11-25 10:00:19.000,224.63843176439306,0.9384550062008665,210.81306087440643
2025-11-25 10:00:20.000,214.15173263643752,1.0853816292290523,232.43635647116096
2025-11-25 10:00:21.000,220.53831031982602,0.7804637660421311,172.1221602287796
2025-11-25 10:00:22.000,215.49529100001197,0.7041034849932857,151.73098539275065
2025-11-25 10:00:23.000,211.07654599915253,1.1586695222962706,244.56796072078487
2025-11-25 10:00:24.000,213.7267564402705,0.8566715393048604,183.0936294303215
2025-11-25 10:00:25.000,221.6108758784381,0.8951390103124185,198.3725401082933
2025-11-25 10:00:26.000,216.42364778496662,0.8289853080707873,179.4120243328241
2025-11-25 10:00:27.000,222.4578443015878,0.6428879683520536,143.01547156702526
2025-11-25 10:00:28.000,216.8707646556579,1.1319280853666658,245.4821094086836
2025-11-25 10:00:29.000,219.73013945446672,1.0244127291509628,225.0943518352719
2025-11-25 10:00:30.000,218.36932080418597,1.0271287870410575,224.2934156045831
2025-11-25 10:00:31.000,228.68313395281757,1.0784278816946333,246.61826772802712
2025-11-25 10:00:32.000,215.90976847234307,0.9489678754449522,204.89143427501094
2025-11-25 10:00:33.000,217.39322234871474,1.2603602931475535,273.9937854477174
2025-11-25 10:00:34.000,210.18719101545992,1.1084661371293776,232.98538369898148
2025-11-25 10:00:35.000,230.99782360476553,1.0050829302611357,232.1719694326227
2025-11-25 10:00:36.000,220.42690129334443,0.8389123222571245,184.91884365194153
2025-11-25 10:00:37.000,215.58672020732672,1.1002408623056545,237.19731894255702
2025-11-25 10:00:38.000,227.90848670855286,0.9236824084692699,210.51505991354267
2025-11-25 10:00:39.000,234.68199202795353,1.0517489910971187,246.8265483440622
2025-11-25 10:00:40.000,234.15342004894228,0.6353326406062549,148.7653106666801
2025-11-25 10:00:41.000,205.71463207357547,1.0338362008626616,212.6752336848055
2025-11-25 10:00:42.000,220.30278169044664,1.0573742542003712,232.94248948820322
2025-11-25 10:00:43.000,223.99321524899568,0.8761884490416165,196.2602678648625
2025-11-25 10:00:44.000,220.23924974178118,1.2111918117869656,266.7519759213499
2025-11-25 10:00:45.000,228.12660186815847,1.2674731056747168,289.14433255685447
2025-11-25 10:00:46.000,220.52709705590487,0.9779544758317623,215.66546160800763
2025-11-25 10:00:47.000,217.6908833022553,1.1747890210113867,255.7408596777605
2025-11-25 10:00:48.000,223.0816809796503,0.9622520843709322,214.66081250763983
2025-11-25 10:00:49.000,216.4310915894696,0.9045004969885441,195.76202990644833
2025-11-25 10:00:50.000,222.03645283102475,1.1997193250530385,266.3814233276078
2025-11-25 10:00:51.000,219.17914138946688,1.1239008563633923,246.33562470461487
2025-11-25 10:00:52.000,212.5387643975411,0.9074234374305513,192.86265617685882
2025-11-25 10:00:53.000,227.65892028589644,1.2917486472974784,294.0781023245112
2025-11-25 10:00:54.000,221.83907049468232,1.0435123982695833,231.4918204818011
2025-11-25 10:00:55.000,217.23159354329243,1.2486111351397777,271.2377866023132
2025-11-25 10:00:56.000,211.6333865511607,1.033748519262984,218.7756999738731
2025-11-25 10:00:57.000,221.54846419332588,0.9704769815484624,215.00768479703652
2025-11-25 10:00:58.000,222.05065068414322,1.06794298459103,237.13743462200415
2025-11-25 10:00:59.000,217.40849925348203,1.1655345817182485,253.39712423939932
2025-11-25 10:01:00.000,216.35247339840868,1.0003088774938167,216.419299808173
2025-11-25 10:01:01.000,221.89985208877425,1.0479759827489066,232.5457155645702
2025-11-25 10:01:02.000,221.85442017495814,0.9255301159728425,205.33294723361675
2025-11-25 10:01:03.000,216.99359488166175,0.9470024408605731,205.49346400404403
2025-11-25 10:01:04.000,220.9969448286237,1.2017709995833095,265.5877192915526
2025-11-25 10:01:05.000,215.26090857691483,0.861883508045495,185.52982702933193
2025-11-25 10:01:06.000,221.30329049429938,0.9048103771647473,200.23751373994665
2025-11-25 10:01:07.000,221.4469856375767,0.9860028169235912,218.34735163788864
2025-11-25 10:01:08.000,216.35822310706718,0.9530684005267092,206.2041856374534
2025-11-25 10:01:09.000,219.73504970406918,1.0045939099895609,220.74449274396136
2025-11-25 10:01:10.000,222.51899528503597,0.8140032828119826,181.13119265004337
2025-11-25 10:01:11.000,212.58556765435608,0.9587211749215881,203.81028519295702
2025-11-25 10:01:12.000,211.78402989285775,1.135056904755214,240.3869254467728
2025-11-25 10:01:13.000,214.4176103264078,0.9196381300350305,197.1866102071575
2025-11-25 10:01:14.000,216.95676783123724,1.0813750249307827,234.6116302224062
2025-11-25 10:01:15.000,222.60473511014888,0.8238208795970294,183.3864286809066
2025-11-25 10:01:16.000,223.35733684433507,0.928197720113894,207.31977082962285
2025-11-25 10:01:17.000,226.97138378225299,1.225213888301446,278.08849165701395
2025-11-25 10:01:18.000,226.13106007526716,1.4776485918929543,334.14224250347957
2025-11-25 10:01:19.000,221.21415795148312,1.253090021100995,277.2012538552628
2025-11-25 10:01:20.000,212.2417569607212,1.0129157802500115,214.98302485350223
2025-11-25 10:01:21.000,220.25939078878721,0.9699543202847017,213.6415476788606
2025-11-25 10:01:22.000,219.45837617225985,1.035417678350541,227.231082350861
2025-11-25 10:01:23.000,219.95373424025536,1.0128897240176293,222.78887717125923
2025-11-25 10:01:24.000,214.74113323971943,1.0399064883864568,223.31069777944487
2025-11-25 10:01:25.000,221.54648381276087,0.9515415234778581,210.81067872835712
2025-11-25 10:01:26.000,227.16178789430776,0.7400536751421017,168.11191598303307
2025-11-25 10:01:27.000,209.46077989486295,1.1171757495596364,234.00450378238955
2025-11-25 10:01:28.000,224.30055693725737,1.2043948546927827,270.14643667995836
2025-11-25 10:01:29.000,217.40381055940696,1.080766939098762,234.96285088669737
2025-11-25 10:01:30.000,220.89208245854823,1.1500493820359776,254.0368029280936
2025-11-25 10:01:31.000,224.28339327440943,1.115989538435315,250.2979205390144
2025-11-25 10:01:32.000,204.53134435763056,0.8543497705388615,174.74130711994653
2025-11-25 10:01:33.000,226.30749820906144,0.8944063063349597,202.41085356907215
2025-11-25 10:01:34.000,208.48544842508267,0.9127142461261145,190.28763888756424
2025-11-25 10:01:35.000,222.75414845065515,1.0469450147565205,233.21134523674732
2025-11-25 10:01:36.000,211.09672219156928,1.2485484219646361,263.564479374191
2025-11-25 10:01:37.000,221.25788691878415,0.8042259718418291,177.9413391349287
2025-11-25 10:01:38.000,220.3048306151239,1.1353854123131397,250.13089094252885
2025-11-25 10:01:39.000,212.1826768655137,1.0680054280303772,226.6122506263842
2025-11-25 10:01:40.000,220.624442149147,1.0775565412182007,237.73531079042985
2025-11-25 10:01:41.000,221.08597224415965,1.0672387146531004,235.95150884568798
2025-11-25 10:01:42.000,219.89255789545817,1.0373929537096471,228.11499013393893
2025-11-25 10:01:43.000,222.99945061733428,0.8020922785157425,178.86613745341646
2025-11-25 10:01:44.000,224.03269642107622,0.9440909341267986,211.50723763911932
2025-11-25 10:01:45.000,219.52764457689455,1.0276494193104766,225.59745647204238
2025-11-25 10:01:46.000,225.3754004370512,1.166969589258448,263.00623847698387
2025-11-25 10:01:47.000,223.35435384143452,0.9290332224216138,207.50361509120526
2025-11-25 10:01:48.000,211.85660113742526,0.7013360237360359,148.58266624395316
2025-11-25 10:01:49.000,218.63330204887143,0.7882513884421632,172.33800389971776
2025-11-25 10:01:50.000,219.47744748906666,1.0239970204502298,224.74425228482602
2025-11-25 10:01:51.000,222.0562181705564,0.8278426807063265,183.8276149178223
2025-11-25 10:01:52.000,215.56934092003905,0.991896578343495,213.8224916543491
2025-11-25 10:01:53.000,215.89906029418017,1.0585165533040204,228.53272916417248
2025-11-25 10:01:54.000,220.13337287378602,0.9297314236180426,204.66491414778648
2025-11-25 10:01:55.000,219.222713812041,0.9894412655343578,216.9079993880622
2025-11-25 10:01:56.000,216.08072481928852,0.90993626469121,196.61968761383264
2025-11-25 10:01:57.000,225.5292977849555,1.1334708450691224,255.63088374815928
2025-11-25 10:01:58.000,219.8541717794826,0.932407396657398,204.99365595317576
2025-11-25 10:01:59.000,208.74251646280433,0.7619364383343138,159.048529522611
2025-11-25 10:02:00.000,220.8488354901854,0.8209022881814217,181.29531439609556
2025-11-25 10:02:01.000,221.46812713565697,1.036646065444679,229.58406261658072
2025-11-25 10:02:02.000,215.95832775121184,1.0070664612200244,217.4843888994071
2025-11-25 10:02:03.000,224.74551148332878,0.9588280608128166,215.49230295194474
2025-11-25 10:02:04.000,212.0709093841129,1.0399053187577434,220.53366662233043
2025-11-25 10:02:05.000,226.6574592264923,1.0753630011246877,243.73904558109732
2025-11-25 10:02:06.000,225.23026110156576,0.9157415603889165,206.2527107479509
2025-11-25 10:02:07.000,225.36091406360364,1.0122470584381746,228.12092234782105
2025-11-25 10:02:08.000,223.4901663578761,1.0888480745969564,243.34683733012687
2025-11-25 10:02:09.000,217.21822193255215,1.150665108640628,249.9454289387442
2025-11-25 10:02:10.000,211.84122906750184,1.27834684816811,270.80656749049956
2025-11-25 10:02:11.000,221.5779137118006,1.0864358622259644,240.73019173371043
2025-11-25 10:02:12.000,225.27589108777306,0.912393995302983,205.54037031501292
2025-11-25 10:02:13.000,215.81334726837318,0.957677368093843,206.6795584114982
2025-11-25 10:02:14.000,222.96229765676807,0.9490752025222596,211.6079878034255
2025-11-25 10:02:15.000,211.3627591550987,1.1005031188794194,232.6053756651457
2025-11-25 10:02:16.000,217.14789396630107,1.1576804140461951,251.3878637961667
2025-11-25 10:02:17.000,216.75816824209056,1.0459677096743185,226.72204478938008
2025-11-25 10:02:18.000,212.9295437848604,1.1917165929163498,253.75167045052657
2025-11-25 10:02:19.000,216.80593909674667,0.9590498637338024,207.92770634741396
2025-11-25 10:02:20.000,205.88122583333254,0.7699041131005895,158.50880257927406
2025-11-25 10:02:21.000,220.0753986579656,0.9767221691836893,214.95252076117333
2025-11-25 10:02:22.000,229.7010261602626,0.8486214636467171,194.92922102127488
2025-11-25 10:02:23.000,224.51663614813106,0.9788937040301708,219.77792157543817
2025-11-25 10:02:24.000,221.7989443150593,0.8454171413365695,187.5126294543064
2025-11-25 10:02:25.000,220.17075678389406,1.0482159166815326,230.78649164869628
2025-11-25 10:02:26.000,219.2031713713364,1.2431808466788694,272.5091841801113
2025-11-25 10:02:27.000,220.5388522330731,1.1159242984124,246.10466395086806
2025-11-25 10:02:28.000,224.37467930458752,1.0288614976857104,230.8504685920689
2025-11-25 10:02:29.000,223.3607444976227,0.8631453086206861,192.79277874314676
2025-11-25 10:02:30.000,224.50758244645596,1.1689251446075901,262.43255827672397
2025-11-25 10:02:31.000,219.73032484859402,1.1083697105004073,243.5424365405966
2025-11-25 10:02:32.000,215.15046721894691,0.9734232243560613,209.43246152198037
2025-11-25 10:02:33.000,222.5476609958576,1.3165390068318803,292.99267658024434
2025-11-25 10:02:34.000,210.5529689745843,1.2515370688508238,263.51484562828966
2025-11-25 10:02:35.000,229.53151121382197,1.0001252602273003,229.5602623830892
2025-11-25 10:02:36.000,219.05813304050727,1.0178163158249833,222.96094192278815
2025-11-25 10:02:37.000,222.93278030773664,1.0080260667133019,224.7220536750684
2025-11-25 10:02:38.000,219.44083171125055,0.9456749893455026,207.5197061905051
2025-11-25 10:02:39.000,226.33828758486763,1.1671357266877564,264.1675017576269
2025-11-25 10:02:40.000,219.48163707290095,1.051601673070664,230.80725675415093
2025-11-25 10:02:41.000,225.30722997237788,0.7659363867627145,172.57100563655908
2025-11-25 10:02:42.000,216.74540587402822,0.7932187094755825,171.926511132158
2025-11-25 10:02:43.000,212.61072560057832,1.0185496066059208,216.55457092066843
2025-11-25 10:02:44.000,223.69374610037045,1.0097009581164471,225.8637897622013
2025-11-25 10:02:45.000,220.00966596891772,1.0324492047189537,227.14880466009177
2025-11-25 10:02:46.000,224.42002641368217,0.9040875644502688,202.8953550942109
2025-11-25 10:02:47.000,218.92493150771938,0.7267409175880626,159.10170560682374
2025-11-25 10:02:48.000,225.70617820259633,1.0439658801521956,235.6295489830618
2025-11-25 10:02:49.000,212.49417813291095,0.8994161649660428,191.12069877391392
2025-11-25 10:02:50.000,218.1383711928551,1.1273638886317605,245.92132240777553
2025-11-25 10:02:51.000,205.9499170240098,1.1529241940969712,237.4446421092446
2025-11-25 10:02:52.000,221.7863218339103,0.6829549244956129,151.47006068223791
2025-11-25 10:02:53.000,219.69505930412782,1.2971287333165322,284.9727739910638
2025-11-25 10:02:54.000,215.98585890780032,1.0449691044071692,225.6985495474973
2025-11-25 10:02:55.000,218.82206461728617,1.0624591140167672,232.48949690060164
2025-11-25 10:02:56.000,217.19034725415693,1.0589552437043204,229.9948571067517
2025-11-25 10:02:57.000,214.29193952798408,1.2898156633313045,276.3971001288386
2025-11-25 10:02:58.000,220.32103695452344,0.8994572777285923,198.16936012545622
2025-11-25 10:02:59.000,217.0996851487092,1.1222917342960481,243.64918216067085
2025-11-25 10:03:00.000,213.34369493261875,1.1035482859608383,235.4350688634434
2025-11-25 10:03:01.000,226.3735838515508,0.9961082395482561,225.4925920905978
2025-11-25 10:03:02.000,216.47154555528024,0.9940933691389753,215.1929280437697
2025-11-25 10:03:03.000,225.7874447016356,1.2847335073863038,290.0766957553234
2025-11-25 10:03:04.000,223.67019819889447,1.0552154539637157,236.0202497306007
2025-11-25 10:03:05.000,221.6428876534572,0.8805560250149982,195.1689801249741
2025-11-25 10:03:06.000,221.89759883895732,1.080873472169196,239.84322812307113
2025-11-25 10:03:07.000,222.98674674027635,0.9034590611256583,201.459396853435
2025-11-25 10:03:08.000,215.3989155321767,0.9485833099369592,204.32381625234365
2025-11-25 10:03:09.000,217.96870101434774,1.199395180687194,261.4306095372566
2025-11-25 10:03:10.000,225.41130431258412,1.2151187978301161,273.9015131136257
2025-11-25 10:03:11.000,215.37123929915543,1.033343410273713,222.55245089226517
2025-11-25 10:03:12.000,216.26774462623735,1.1268795136172465,243.7076908755132
2025-11-25 10:03:13.000,224.56782810653007,1.0010502611760828,224.8036829777876
2025-11-25 10:03:14.000,216.29308034397368,0.9515773676566216,205.81960003606065
2025-11-25 10:03:15.000,219.8872218431061,1.088203737078044,239.28209654537696
2025-11-25 10:03:16.000,215.5007732049754,0.846809901071612,182.4881884385611
2025-11-25 10:03:17.000,213.3341856072782,0.5205529590462455,111.05174158358963
2025-11-25 10:03:18.000,223.4616574422871,0.8938516411014539,199.74156922803925
2025-11-25 10:03:19.000,221.7357596273968,1.2092061769566789,268.12425019362956
2025-11-25 10:03:20.000,222.8448387808911,1.2249146520271645,272.9659081513448
2025-11-25 10:03:21.000,222.2418882299342,0.9371393330905248,208.27161492057948
2025-11-25 10:03:22.000,219.148359264893,1.0414059037051961,228.2223951257669
2025-11-25 10:03:23.000,221.39601023258467,0.9741979134406759,215.6835312126745
2025-11-25 10:03:24.000,224.55361723102737,0.9258534797744895,207.90374790929548
2025-11-25 10:03:25.000,220.96420871258297,0.9491510500730288,209.72841072810402
2025-11-25 10:03:26.000,221.20274336545145,1.0895919218611505,241.0207222645211
2025-11-25 10:03:27.000,219.4655728552498,1.0896204710570006,239.13418087533177
2025-11-25 10:03:28.000,218.30851892315843,1.00558418470442,219.52759401537372
2025-11-25 10:03:29.000,216.19641855982317,1.1806066734677323,255.24293453155033
2025-11-25 10:03:30.000,216.1303975895512,0.9490485556102644,205.11824165583573
2025-11-25 10:03:31.000,217.96422721484913,1.1542609924885907,251.58760523202045
2025-11-25 10:03:32.000,217.42045254149014,0.8771388452648747,190.70792467920916
2025-11-25 10:03:33.000,215.857707161969,1.1148621635390694,240.65159042317563
2025-11-25 10:03:34.000,221.82335989517824,1.202932037591086,266.83842630400756
2025-11-25 10:03:35.000,217.97859289996111,1.082852856428425,236.03874196197168
2025-11-25 10:03:36.000,225.05307281521144,0.7890530981370831,177.57882435011314
2025-11-25 10:03:37.000,225.78711082181482,0.9756642488226365,220.29241187379932
2025-11-25 10:03:38.000,215.70487699418416,0.9820670891468893,211.83666066446625
2025-11-25 10:03:39.000,231.23288290897202,1.0473881117604793,242.19057260696022
2025-11-25 10:03:40.000,217.2640372735377,0.8084379396611708,175.64449065588664
2025-11-25 10:03:41.000,226.63319886967255,1.2313535178232955,279.0655866837178
2025-11-25 10:03:42.000,215.31663858865335,0.7858106538016406,169.19810854372125
2025-11-25 10:03:43.000,211.55314473406827,1.1346407299333094,240.0368145607503
2025-11-25 10:03:44.000,214.49724314342336,1.2292635662092046,263.6736460485275
2025-11-25 10:03:45.000,222.12751227888572,1.0805761470346413,240.02569136870832
2025-11-25 10:03:46.000,222.51317199056322,1.065419595028914,237.06989359078497
2025-11-25 10:03:47.000,212.23463382310106,0.8576252388802322,182.01777853119566
2025-11-25 10:03:48.000,219.15792487773186,0.9864637918112406,216.19135758037038
2025-11-25 10:03:49.000,215.9650887378616,1.1377140814855358,245.70652256633844
2025-11-25 10:03:50.000,221.47055658343712,1.0928868946368033,242.04226883795704
2025-11-25 10:03:51.000,229.33880692235715,1.1277193113609887,258.62980141083136
2025-11-25 10:03:52.000,220.0673669293133,1.1528998248790598,253.7156287944011
2025-11-25 10:03:53.000,223.87839460529003,0.9884982277039809,221.30339628854168
2025-11-25 10:03:54.000,222.86980135353042,0.9834719375578718,219.18619536029456
2025-11-25 10:03:55.000,215.56288495864155,1.0681041907726432,230.2436207993662
2025-11-25 10:03:56.000,230.35861418799004,0.8157465097919255,187.91423552435762
2025-11-25 10:03:57.000,218.56124088544001,1.2447751510966358,272.0596016470418
2025-11-25 10:03:58.000,226.93692927946873,0.8499956178659357,192.89539541950018
2025-11-25 10:03:59.000,218.55648353880724,0.6429621602532327,140.5235487934616
2025-11-25 10:04:00.000,217.00373125127467,0.7283754013218152,158.06017983847852
2025-11-25 10:04:01.000,222.51531530757273,1.0196558023658941,226.889032368643
2025-11-25 10:04:02.000,226.71475798934716,1.0635130023415855,241.11409294439656
2025-11-25 10:04:03.000,213.08619598781962,1.0896446910289745,232.18824218968723
2025-11-25 10:04:04.000,223.66036425114353,1.1045842756933903,247.05172144766922
2025-11-25 10:04:05.000,220.78356815827016,0.9454408325373811,208.73780049012856
2025-11-25 10:04:06.000,215.5337549525242,0.923643601752533,199.0763737235973
2025-11-25 10:04:07.000,214.2984928010584,1.0189192431085612,218.35285808415986
2025-11-25 10:04:08.000,226.13511457821622,1.2196506432003962,275.8058379455167
2025-11-25 10:04:09.000,225.33017516272113,1.1381341490111618,256.45596715535964
2025-11-25 10:04:10.000,222.65038526765892,1.0354124910245748,230.534990037568
2025-11-25 10:04:11.000,218.40998479079482,1.0167333376608843,222.0647128148078
2025-11-25 10:04:12.000,213.14680056187294,0.8426970240517968,179.61817451965217
2025-11-25 10:04:13.000,220.9111063340656,1.2847385965367757,283.8130247110139
2025-11-25 10:04:14.000,218.24369958302248,1.1009329655523339,240.2716833950496
2025-11-25 10:04:15.000,225.85917788354615,0.9033362748908231,204.02678839922638
2025-11-25 10:04:16.000,217.8627051280144,1.061763713219644,231.31871476879695
2025-11-25 10:04:17.000,226.66383879337204,0.7835591797575139,177.60453160562395
2025-11-25 10:04:18.000,216.4372754828049,0.9907416033531351,214.43341333721833
2025-11-25 10:04:19.000,223.82138740880256,0.9009435836003797,201.6504428584955
2025-11-25 10:04:20.000,216.58929674830205,1.1791573435954499,255.39285980493446
2025-11-25 10:04:21.000,212.42994334871537,0.9778676557788584,207.72837071964398
2025-11-25 10:04:22.000,223.12440530477633,0.9611854289110949,214.46392721340442
2025-11-25 10:04:23.000,214.6331583093605,1.2950440547058566,277.95939561127824
2025-11-25 10:04:24.000,215.64120715275826,1.0738602367504486,231.56851776621352
2025-11-25 10:04:25.000,214.96343256075298,0.9831867532301564,211.34919932261639
2025-11-25 10:04:26.000,221.32419211215333,1.030760075071084,228.13214087657016
2025-11-25 10:04:27.000,218.793166572154,1.0414283125974284,227.85739827108642
2025-11-25 10:04:28.000,227.91424074995513,0.809394129926895,184.4724485897588
2025-11-25 10:04:29.000,219.76206940865742,1.0133999814521244,222.7068770626139
2025-11-25 10:04:30.000,221.45262385240505,0.9371822807180348,207.54147509299003
2025-11-25 10:04:31.000,230.79970996698398,1.1921246870710736,275.1420320204853
2025-11-25 10:04:32.000,223.94259173378623,1.1611905740988666,260.04002666054333
2025-11-25 10:04:33.000,222.5292905726711,0.9483855627196551,211.04356646136833
2025-11-25 10:04:34.000,222.82549102254583,0.7768185912147142,173.094984022861
2025-11-25 10:04:35.000,214.70080084849315,0.8616171021590845,184.98988185831337
2025-11-25 10:04:36.000,223.01461627143547,0.6923540820497096,154.40507993227794
2025-11-25 10:04:37.000,221.6691457573848,1.1951408732035849,264.9258564227736
2025-11-25 10:04:38.000,215.65463992135517,1.057244183849836,227.99961377708343
2025-11-25 10:04:39.000,220.0206951214853,0.8659806854417914,190.53367237268324
2025-11-25 10:04:40.000,222.81428609264754,1.058467440148919,235.84166702909351
2025-11-25 10:04:41.000,217.66871856020336,1.1588673651744057,252.24917435875213
2025-11-25 10:04:42.000,227.19395235417815,1.008410187462127,229.10469608373833
2025-11-25 10:04:43.000,227.82093568223542,0.9451719223967241,215.3299517409989
2025-11-25 10:04:44.000,220.70085419969703,0.9601948814484585,211.91583053385162
2025-11-25 10:04:45.000,214.30228593865223,1.0649090577545697,228.2124453935805
2025-11-25 10:04:46.000,214.99713901996375,1.1286258182454885,242.65132194684563
2025-11-25 10:04:47.000,215.46641698351988,0.8967698914178035,193.2237953624943
2025-11-25 10:04:48.000,216.65643737552304,1.0226211901708975,221.55746384714388
2025-11-25 10:04:49.000,225.01466937308606,0.9797121515761534,220.44960586770296
2025-11-25 10:04:50.000,219.33459912549722,1.135176672291069,248.98352035357755
2025-11-25 10:04:51.000,220.3403774266827,1.1301245384012333,249.0120673304833
2025-11-25 10:04:52.000,212.76130521996487,0.8666907205412476,184.39824892438767
2025-11-25 10:04:53.000,221.78435591643185,0.8880866968625796,196.96373606161868
2025-11-25 10:04:54.000,215.61667732376162,1.24414102692538,268.2575543478231
2025-11-25 10:04:55.000,212.9377474179358,1.223470610700545,260.52307587462036
2025-11-25 10:04:56.000,223.73481683002086,1.1960581047485885,267.59984098398735
2025-11-25 10:04:57.000,223.28667096080557,1.020460167083305,227.85515355613856
2025-11-25 10:04:58.000,220.81360962660426,1.1944810002051656,263.7576612856992
2025-11-25 10:04:59.000,227.20523457501073,1.1073004809459446,251.58446551834555
2025-11-25 10:05:00.000,216.56879451724933,1.03966219067645,225.1583873399614
2025-11-25 10:05:01.000,213.8701706707964,0.7728225602717476,165.28369286356047
2025-11-25 10:05:02.000,228.92652502007275,1.0969025495852385,251.11008896220667
2025-11-25 10:05:03.000,223.16420182633843,0.7971161844794281,177.88779707220792
2025-11-25 10:05:04.000,218.14987241886274,0.9653478793161667,210.5905167126415
2025-11-25 10:05:05.000,224.39874106371337,0.7658448912034771,171.8546294361368
2025-11-25 10:05:06.000,220.27410195092367,1.139796974938181,251.0677550608873
2025-11-25 10:05:07.000,213.97598169329433,0.8126507325137468,173.8877382634037
2025-11-25 10:05:08.000,225.99638315461624,0.9574355165888503,216.37696385285173
2025-11-25 10:05:09.000,223.87067385242057,0.9988604488084675,223.61556175928285
2025-11-25 10:05:10.000,232.4128534168749,0.7508205902974168,174.500355795165
2025-11-25 10:05:11.000,216.44497741642508,1.1746945044555306,254.25672548807597
2025-11-25 10:05:12.000,214.37694798800902,1.3033402450367682,279.40610392092617
2025-11-25 10:05:13.000,218.59035815681918,1.0709996867077776,234.11020510329422
2025-11-25 10:05:14.000,217.35856489702013,1.1056919802471799,240.33162204467135
2025-11-25 10:05:15.000,223.02667832704728,1.205639206830754,268.889707560319
2025-11-25 10:05:16.000,222.2575712075635,0.8192030667886132,182.0740839502246
2025-11-25 10:05:17.000,218.15640362406253,0.800792101132206,174.69792483355863
2025-11-25 10:05:18.000,228.46501560624236,1.141828978423003,260.8679753750711
2025-11-25 10:05:19.000,225.25797993177537,0.7159531567462966,161.2741618144485
2025-11-25 10:05:20.000,218.4462147178167,0.7773942874874769,169.81883944489348
2025-11-25 10:05:21.000,227.89394815882684,1.0908800874962232,248.6049701073608
2025-11-25 10:05:22.000,216.3669566918675,0.9058035615587084,195.98595997511242
2025-11-25 10:05:23.000,217.19419797226533,1.1280464537312278,245.00514479361215
2025-11-25 10:05:24.000,224.85794976440772,0.7691800129301449,172.956240707233
2025-11-25 10:05:25.000,225.85264008378692,1.0870088792206372,245.50382516649918
2025-11-25 10:05:26.000,222.082011082742,1.0879996957949236,241.62516049954817
2025-11-25 10:05:27.000,217.74991863103767,0.9088849157865118,197.90961645749047
2025-11-25 10:05:28.000,206.62242955983663,0.9124225864029012,188.5269715878374
2025-11-25 10:05:29.000,225.7694362134186,1.1588394713602013,261.6305341108487
2025-11-25 10:05:30.000,217.19339062857009,1.297082798786577,281.717810994452
2025-11-25 10:05:31.000,213.03501916130998,0.9452864652866925,201.3791202452775
2025-11-25 10:05:32.000,216.98959897905286,0.8039008978447657,174.43813344223625
2025-11-25 10:05:33.000,217.318829710116,1.2353421065674655,268.46310089087103
2025-11-25 10:05:34.000,221.5270954015406,1.1769021608093309,260.7157172558879
2025-11-25 10:05:35.000,212.3381258659136,1.2113717475331456,257.2204065981048
2025-11-25 10:05:36.000,225.70668699512774,1.0384455774934833,234.3841109207963
2025-11-25 10:05:37.000,225.32209600561222,1.0916345059455015,245.96937495169135
2025-11-25 10:05:38.000,220.42132454225657,0.8100651404099404,178.5556312146681
2025-11-25 10:05:39.000,212.88249445238452,1.0053555748706726,214.02260259007983
2025-11-25 10:05:40.000,217.43813711925466,1.003213372722062,218.13684689780965
2025-11-25 10:05:41.000,216.52737799092765,0.7864942989968369,170.29754836659777
2025-11-25 10:05:42.000,227.77396529174814,0.9043840775687552,205.99514749455528
2025-11-25 10:05:43.000,228.39089490708972,1.061928412689681,242.53478050146154
2025-11-25 10:05:44.000,223.2505973758803,0.693832837693465,154.89859549406827
2025-11-25 10:05:45.000,213.4199653818377,1.1233540751754632,239.74618783549366
2025-11-25 10:05:46.000,224.4168819589475,0.7252720145775338,162.76328408357443
2025-11-25 10:05:47.000,230.4338861952576,1.0587960925589923,243.98249829672227
2025-11-25 10:05:48.000,217.9062736130904,1.0871803052507243,236.90340906272746
2025-11-25 10:05:49.000,222.58141680355348,0.9406933542633202,209.3808595696169
2025-11-25 10:05:50.000,214.24278702855324,0.8441139199495263,180.8453187795836
2025-11-25 10:05:51.000,216.15228102117715,0.8412211587194655,181.83187230049015
2025-11-25 10:05:52.000,221.96677753492645,0.9783438152708354,217.1598239968927
2025-11-25 10:05:53.000,229.38744863863178,0.9809963742739252,225.02825541844402
2025-11-25 10:05:54.000,211.40453349310022,1.085337886554825,229.44534958951013
2025-11-25 10:05:55.000,213.09136605800055,1.0437950520994062,222.4237135364443
2025-11-25 10:05:56.000,216.39171419334664,0.8953712738571139,193.7509247894213
2025-11-25 10:05:57.000,214.6744613543105,1.0297764398715346,221.06670254478118
2025-11-25 10:05:58.000,221.1887760036144,1.1377959876859987,251.66770185808957
2025-11-25 10:05:59.000,217.90936014498268,1.1843458716897368,258.0800510902623
2025-11-25 10:06:00.000,209.2635210988112,1.0125625708333965,211.89240890546097
2025-11-25 10:06:01.000,216.6905743276687,0.9332809986741173,202.23319561179468
2025-11-25 10:06:02.000,217.27107843844146,0.9624416276086383,209.1107303645777
2025-11-25 10:06:03.000,216.71770609255833,1.0676317133674071,231.3746958726522
2025-11-25 10:06:04.000,224.68958505052683,1.1160695913635084,250.76921337097772
2025-11-25 10:06:05.000,226.23648196755963,1.3353190871560567,302.0978925823194
2025-11-25 10:06:06.000,221.247907360342,1.095061697621962,242.2801090293227
2025-11-25 10:06:07.000,212.03859230335107,0.9620047341071714,203.98212960924414
2025-11-25 10:06:08.000,218.0271703209753,1.220181293285121,266.032674653543
2025-11-25 10:06:09.000,220.19140552746956,0.8509571749375928,187.37345639319335
2025-11-25 10:06:10.000,220.73902464775404,0.8831229627319709,194.9397014374901
2025-11-25 10:06:11.000,217.39098033337555,1.1326477845545653,246.2274122567429
2025-11-25 10:06:12.000,218.34719878794695,0.8529184758002348,186.2323599854666
2025-11-25 10:06:13.000,225.31017602259965,1.1332347334879103,255.32931727708487
2025-11-25 10:06:14.000,218.9343242537973,0.9596368308939669,210.09744110082622
2025-11-25 10:06:15.000,221.12325025474726,1.0998942786776267,243.21219783779756
2025-11-25 10:06:16.000,219.23265215732923,1.013820081080039,222.26246518553552
2025-11-25 10:06:17.000,217.08286733582963,0.9218885748197687,200.1262151860169
2025-11-25 10:06:18.000,211.91448503138716,1.2030696666778078,254.94788887091025
2025-11-25 10:06:19.000,225.08809332793413,1.2562415454663416,282.7650142283561
2025-11-25 10:06:20.000,221.08851539966295,1.0023030993692947,221.59770422003822
2025-11-25 10:06:21.000,220.6743571066297,0.9956683438351709,219.71847166724908
2025-11-25 10:06:22.000,218.7346547702124,1.067067916772788,233.40473239166548
2025-11-25 10:06:23.000,220.82844481419497,0.9782057815641102,216.01566145105656
2025-11-25 10:06:24.000,233.03335222099088,0.8394652108854359,195.62339216553417
2025-11-25 10:06:25.000,222.3294990235657,0.8264185054346305,183.73721229708528
2025-11-25 10:06:26.000,216.94315358174165,0.9531299089113058,206.77500821229685
2025-11-25 10:06:27.000,210.01286821421556,0.9063683444983295,190.3490156866644
2025-11-25 10:06:28.000,224.9353377133426,1.0544449426666525,237.18192927884962
2025-11-25 10:06:29.000,217.95181631216835,1.053521806368818,229.61699122256044
2025-11-25 10:06:30.000,216.42910635512646,0.7654139549531782,165.6578582622594
2025-11-25 10:06:31.000,222.43496657927952,1.0334087583833165,229.86624263372775
2025-11-25 10:06:32.000,228.00737567431443,1.064964467107888,242.8197533316643
2025-11-25 10:06:33.000,220.92691205752814,0.807761418591635,178.4562358886583
2025-11-25 10:06:34.000,218.25083479864765,1.155522721816683,252.19379866529655
2025-11-25 10:06:35.000,211.43871841156067,1.116933548076952,236.16299795626801
2025-11-25 10:06:36.000,223.71067053255587,1.2901632453057201,288.623284703801
2025-11-25 10:06:37.000,218.95137482478233,0.9248815377672052,202.50408424418842
2025-11-25 10:06:38.000,221.79509092961433,1.0458147769846744,231.9565835568502
2025-11-25 10:06:39.000,213.60626997576,0.972270083282969,207.68298589909654
2025-11-25 10:06:40.000,216.21444596688528,1.26833775773542,274.2329455876454
2025-11-25 10:06:41.000,226.8597820220239,0.9642933109020398,218.75937031653248
2025-11-25 10:06:42.000,220.38650770467493,0.8678278079215707,191.2575398768384
2025-11-25 10:06:43.000,223.1859511937042,1.0486932997341505,234.0536116116307
2025-11-25 10:06:44.000,222.70910653688878,0.8130605019597754,181.0759779518959
2025-11-25 10:06:45.000,228.31518664124684,0.9702009986023463,221.51162207541876
2025-11-25 10:06:46.000,217.6301674252945,0.8205003244340681,178.56562297909468
2025-11-25 10:06:47.000,218.73526246556216,1.060792082192502,232.03263451976713
2025-11-25 10:06:48.000,218.1127242721368,1.0459777919939417,228.14106573995306
2025-11-25 10:06:49.000,220.28139570722306,1.058353316729043,233.1355457604423
2025-11-25 10:06:50.000,214.5840380313138,0.7953011476871422,170.65893172164525
2025-11-25 10:06:51.000,219.67963105250504,0.980153666092393,215.3197957419371
2025-11-25 10:06:52.000,217.5232312970934,1.1885679365469026,258.5411381738009
2025-11-25 10:06:53.000,221.88330258648367,0.8360713780752945,185.51027856537897
2025-11-25 10:06:54.000,218.16241481397446,0.9682995608074663,211.24657044906775
2025-11-25 10:06:55.000,212.7105187689571,1.0751914098097484,228.70452255655792
2025-11-25 10:06:56.000,214.10109695143612,1.0412887302600227,222.94105939183893
2025-11-25 10:06:57.000,217.57192494874587,1.1826114991017131,257.3030603260818
2025-11-25 10:06:58.000,220.13763027102607,0.9205743086623631,202.6530467973207
2025-11-25 10:06:59.000,219.18441911943015,1.0800196928166474,236.72348900756225
2025-11-25 10:07:00.000,228.2561692337013,0.8804579669458945,200.9699627063627
2025-11-25 10:07:01.000,228.97233103122684,1.1357006696961514,260.04402969405317
2025-11-25 10:07:02.000,220.50019957226385,0.7445406722434569,164.17136681934974
2025-11-25 10:07:03.000,220.42839171656442,1.136417466376544,250.49867443199452
2025-11-25 10:07:04.000,221.0890372638398,0.8170631322760866,180.64370129869738
2025-11-25 10:07:05.000,220.10825221717997,1.0060781311848401,221.44609904902185
2025-11-25 10:07:06.000,212.6858674815798,1.1052443153618254,235.06984599181462
2025-11-25 10:07:07.000,219.8334171260053,1.0043454061568018,220.7886826102554
2025-11-25 10:07:08.000,218.1382477658113,0.9694824321009802,211.48119897824492
2025-11-25 10:07:09.000,222.0635310786311,1.1481569093546546,254.96377752362235
2025-11-25 10:07:10.000,220.30106979071493,0.7597557585549654,167.375006389315
2025-11-25 10:07:11.000,222.72269381224925,1.0877761635792085,242.2724374171152
2025-11-25 10:07:12.000,210.66230603236195,0.9664923948365955,203.6035166590173
2025-11-25 10:07:13.000,224.57085200186106,1.2438399832216314,279.3302047860623
2025-11-25 10:07:14.000,216.85966942931472,0.7431409670620811,161.15730445646417
2025-11-25 10:07:15.000,218.4337615299979,0.6849813955994386,149.62306281885293
2025-11-25 10:07:16.000,224.10859827674818,1.0561308240539946,236.6879985756077
2025-11-25 10:07:17.000,216.92062124634467,1.1246168424302931,243.9525841240817
2025-11-25 10:07:18.000,222.84472324159034,0.7629310569682495,170.01516024250355
2025-11-25 10:07:19.000,216.0777138136217,0.9545984055923075,206.26744109051418
2025-11-25 10:07:20.000,225.5230224808166,1.1765787182978231,265.34558873713036
2025-11-25 10:07:21.000,222.5585641266204,1.3755153965783462,306.13273159653556
2025-11-25 10:07:22.000,217.58908067763664,1.1439954249089852,248.9209128053684
2025-11-25 10:07:23.000,215.57851321503418,0.9613417749834687,207.24463054243813
2025-11-25 10:07:24.000,224.70497111228548,1.370080443410255,307.8638864580086
2025-11-25 10:07:25.000,219.8547733569446,1.088367047065322,239.28269046171343
2025-11-25 10:07:26.000,222.73202539500258,1.0214042080317838,227.49942800189777
2025-11-25 10:07:27.000,221.72579173145968,1.3029340054607583,288.89407393462864
2025-11-25 10:07:28.000,217.12750696794146,1.177105789619779,255.5820455376728
2025-11-25 10:07:29.000,223.0109073227239,1.350125884712823,301.092798549702
2025-11-25 10:07:30.000,226.10932931217272,0.9635037330512968,217.8571828700034
2025-11-25 10:07:31.000,217.53918773559246,1.1796446699102443,256.6189433088956
2025-11-25 10:07:32.000,224.9490892505394,1.0441941496258818,234.89052295908357
2025-11-25 10:07:33.000,219.59260470554085,0.8988673125608512,197.38461444990682
2025-11-25 10:07:34.000,217.2674714634036,0.6919688115955598,150.3423140269036
2025-11-25 10:07:35.000,222.5453238596971,0.9601824446811611,213.6841131159647
2025-11-25 10:07:36.000,226.38431440042558,0.953847615892596,215.93613856632584
2025-11-25 10:07:37.000,222.8416355537387,1.0638785532105772,237.07643682799028
2025-11-25 10:07:38.000,220.74959196556415,1.2507338369290746,276.09898415961766
2025-11-25 10:07:39.000,219.09054224688853,1.1635774251253626,254.92880901695403
2025-11-25 10:07:40.000,217.61427649850714,0.8394607139423261,182.67863591347955
2025-11-25 10:07:41.000,218.1742549413376,1.0426517228657675,227.47976279954085
2025-11-25 10:07:42.000,232.7718155703168,0.7851831576108743,182.76850915231742
2025-11-25 10:07:43.000,219.81849591684778,1.152137347449174,253.2610988059041
2025-11-25 10:07:44.000,221.10130415507754,0.9491394083489235,209.85596101092568
2025-11-25 10:07:45.000,221.01377356895617,0.924467960087936,204.3201524026299
2025-11-25 10:07:46.000,220.5504267156767,0.9469196910425386,208.84354192490864
2025-11-25 10:07:47.000,222.5748747312666,1.1229242572435716,249.93472588868852
2025-11-25 10:07:48.000,219.80400175953375,0.8334797808065441,183.2021912069374
2025-11-25 10:07:49.000,221.53811618260704,0.8271569050391214,183.24678252980254
2025-11-25 10:07:50.000,222.80128752993585,1.0577871173781457,235.67633168443024
2025-11-25 10:07:51.000,212.22914437183684,0.9186188714634221,194.95769709450445
2025-11-25 10:07:52.000,224.5497783400894,1.1566967426485515,259.7359971684357
2025-11-25 10:07:53.000,223.8612158320056,1.156282606236022,258.8468300773961
2025-11-25 10:07:54.000,221.66461296514387,1.279216852101228,283.5571084195084
2025-11-25 10:07:55.000,223.79490401157292,0.935470720456879,209.3535800902842
2025-11-25 10:07:56.000,216.05147218592168,1.0699656259016148,231.167648664375
2025-11-25 10:07:57.000,221.7131420724269,1.082917919739301,240.09713459193665
2025-11-25 10:07:58.000,220.65035083621126,0.9820779571959565,216.69584580379745
2025-11-25 10:07:59.000,214.53250646453918,0.9705846791746378,208.22196395941566
2025-11-25 10:08:00.000,222.510539314689,0.8396082358481669,186.8216813716302
2025-11-25 10:08:01.000,224.64446562037216,0.8932629012888328,200.6665671185331
2025-11-25 10:08:02.000,217.4727957131478,0.7538462515378398,163.94105185981087
2025-11-25 10:08:03.000,224.15193060064774,1.0593349535725707,237.45197499603927
2025-11-25 10:08:04.000,225.56254080241337,0.7696719430249099,173.60915905302903
2025-11-25 10:08:05.000,219.34774666199522,1.0441798826645996,229.0385043722665
2025-11-25 10:08:06.000,220.47587814509097,0.9667431499679449,213.14354492993402
2025-11-25 10:08:07.000,225.45581140110258,0.9910262211407901,223.43262080706535
2025-11-25 10:08:08.000,215.16032359451737,1.0027537105398003,215.75281284534643
2025-11-25 10:08:09.000,226.80399376749742,0.8552958018632337,193.98450371515557
2025-11-25 10:08:10.000,222.89979253346146,1.1174107568170402,249.0706258691764
2025-11-25 10:08:11.000,224.0115351138236,0.785825399960175,176.03395417651322
2025-11-25 10:08:12.000,219.15853879525997,1.2650505441004785,277.24662874720946
2025-11-25 10:08:13.000,227.64858765788395,0.9295541732149956,211.61169468388576
2025-11-25 10:08:14.000,218.5997353618461,0.8491375306294535,185.62123948141002
2025-11-25 10:08:15.000,230.42925520054925,0.9071383167174858,209.0312066850902
2025-11-25 10:08:16.000,212.60629098174496,1.0250101069090507,217.92359704873513
2025-11-25 10:08:17.000,207.35773766238285,0.9320196218068652,193.26148023482122
2025-11-25 10:08:18.000,220.1588196323448,1.152804451686011,253.80006735010463
2025-11-25 10:08:19.000,213.77257831621563,0.8514829301781527,182.0237013764299
2025-11-25 10:08:20.000,220.36813505147978,1.2553871023121483,276.64731450420936
2025-11-25 10:08:21.000,221.28653882061874,0.907334892809759,200.78099798104867
2025-11-25 10:08:22.000,216.35449320861684,1.053756798682469,227.98501814408007
2025-11-25 10:08:23.000,219.56243416952168,0.9472933954629296,207.99004378055213
2025-11-25 10:08:24.000,226.05628535123043,0.8238495522291767,186.2363694652022
2025-11-25 10:08:25.000,208.80472222133523,1.1007138061601336,229.8342405404553
2025-11-25 10:08:26.000,211.470261321719,0.8443160947283457,178.5477451903365
2025-11-25 10:08:27.000,217.89717453898447,1.0526081482176992,229.36034139334924
2025-11-25 10:08:28.000,223.18398629832257,0.8378042129647564,186.9844839870031
2025-11-25 10:08:29.000,215.67632719862962,0.9516733960711077,205.25342275726325
2025-11-25 10:08:30.000,214.82380435214304,0.9986273703046313,214.52893081901723
2025-11-25 10:08:31.000,220.61856265639022,0.9465332360453005,208.82280204281594
2025-11-25 10:08:32.000,222.6937118183218,1.1385522783378244,253.54843296225715
2025-11-25 10:08:33.000,212.6709431681948,0.867214310714006,184.4312853885036
2025-11-25 10:08:34.000,219.33780878754823,0.9942574101239612,218.0782417073723
2025-11-25 10:08:35.000,215.79135519896786,0.9418014492802864,203.232611068545
2025-11-25 10:08:36.000,220.16017660574832,1.0075135525170966,221.81436165484888
2025-11-25 10:08:37.000,217.6574891149508,0.8419262573064324,183.25155518526608
2025-11-25 10:08:38.000,225.6841087517264,0.6348091057402985,143.2663272564797
2025-11-25 10:08:39.000,215.88277091791986,1.1771043176529876,254.11654175437428
2025-11-25 10:08:40.000,223.0971977423721,0.935834727254169,208.7821052004022
2025-11-25 10:08:41.000,221.54279963388308,1.1232239207236743,248.84217201286955
2025-11-25 10:08:42.000,231.55970817504485,0.8931412904683346,206.81553657993052
2025-11-25 10:08:43.000,231.8833138822914,0.8657315151782052,200.7486926718595
2025-11-25 10:08:44.000,218.89008565594446,0.9821125850566875,214.97470786683937
2025-11-25 10:08:45.000,221.92817200162543,1.0213762199505934,226.67215741956528
2025-11-25 10:08:46.000,216.54229927716835,1.1451005573228468,247.96270758625616
2025-11-25 10:08:47.000,221.98718158671832,0.8973877353893204,199.20857416956298
2025-11-25 10:08:48.000,215.36758610821045,0.9348608459238695,201.33872373370343
2025-11-25 10:08:49.000,212.98946123865306,1.1553720517160464,246.08207082519792
2025-11-25 10:08:50.000,212.95984436169402,0.8385123440085258,178.5694582754149
2025-11-25 10:08:51.000,224.81899407565462,0.5118041403351469,115.0632919939029
2025-11-25 10:08:52.000,212.9716721196335,0.9263695884806451,197.29048025949976
2025-11-25 10:08:53.000,219.0922515111105,1.0346564267935094,226.68520608663047
2025-11-25 10:08:54.000,227.0166613644692,1.0983611888640854,249.34629006823388
2025-11-25 10:08:55.000,213.79823493391925,0.9269755499994783,198.18573641678748
2025-11-25 10:08:56.000,219.23923689247454,1.044866735610193,229.07578576950968
2025-11-25 10:08:57.000,224.38797671826617,1.058870349574523,237.59777534799045
2025-11-25 10:08:58.000,221.508994034265,0.916266550219259,202.9612818063144
2025-11-25 10:08:59.000,224.24156389693445,1.0129124292629919,227.13706722857629
2025-11-25 10:09:00.000,220.75440035782063,0.7453713466518609,164.5440046740328
2025-11-25 10:09:01.000,218.52236758044845,0.9384422355462195,205.07061914904875
2025-11-25 10:09:02.000,226.19335620364004,0.9041425067179002,204.511028080894
2025-11-25 10:09:03.000,226.43282206110362,0.9603602831061983,217.45708909913688
2025-11-25 10:09:04.000,224.7528838440558,0.7353146277103201,165.2640831106127
2025-11-25 10:09:05.000,222.08721558467008,0.9888739549093206,219.6162632100116
2025-11-25 10:09:06.000,220.85611856120534,0.879073306448121,194.148718392897
2025-11-25 10:09:07.000,220.13960289046793,1.2096298912526353,266.28744390479505
2025-11-25 10:09:08.000,218.32641955515388,1.2500487848634971,272.9186754685182
2025-11-25 10:09:09.000,208.60192921243444,0.9430170316695768,196.71517208645713
2025-11-25 10:09:10.000,213.7024121829111,0.9009412113612683,192.533310102897
2025-11-25 10:09:11.000,213.97647547599195,0.9738826374332799,208.38797428523657
2025-11-25 10:09:12.000,221.07813024226942,1.1438522563582865,252.88071810909102
2025-11-25 10:09:13.000,224.53813204340472,0.9922673636007203,222.8018603105396
2025-11-25 10:09:14.000,220.52149974503632,1.0252963628845693,226.0998916264362
2025-11-25 10:09:15.000,216.74999685148703,1.0250370830620252,222.1767845263514
2025-11-25 10:09:16.000,208.68204539358425,1.0190121142797937,212.64953228874816
2025-11-25 10:09:17.000,215.17575580559011,1.2224237137602256,263.0359465230329
2025-11-25 10:09:18.000,223.36451381192376,0.8652557315690489,193.26742580490102
2025-11-25 10:09:19.000,218.46866928384517,0.8930722271722689,195.10830104468545
2025-11-25 10:09:20.000,233.79802629172244,0.990937283963865,231.67918116963173
2025-11-25 10:09:21.000,215.75233516851,1.1830827180103813,255.2528591082476
2025-11-25 10:09:22.000,224.6838963721842,0.9761544635066804,219.32618832178005
2025-11-25 10:09:23.000,220.88162555326167,0.9311723981560076,205.67887297502796
2025-11-25 10:09:24.000,217.45899308507404,0.9577888625239811,208.27980163256333
2025-11-25 10:09:25.000,220.49377760309065,0.9575087573562269,211.12472299751556
2025-11-25 10:09:26.000,221.5459854772789,0.9320782570271924,206.4981959950338
2025-11-25 10:09:27.000,214.49753468094596,0.9543235970375591,204.70005885240892
2025-11-25 10:09:28.000,219.27443089850337,0.9263254856317811,203.11949368868855
2025-11-25 10:09:29.000,213.18691332172548,0.9045014239657395,192.82786667036137
2025-11-25 10:09:30.000,214.12298378352642,0.99661551873353,213.39828855619044
2025-11-25 10:09:31.000,218.41622072109462,0.9371836674422228,204.69611476426547
2025-11-25 10:09:32.000,222.2021894497413,0.9793952472825315,217.62376828284928
2025-11-25 10:09:33.000,209.53615886405657,0.9903862453439292,207.52172964116204
2025-11-25 10:09:34.000,225.93948873402047,1.1184766287949923,252.70803767089137
2025-11-25 10:09:35.000,217.4809596679133,0.8580524711416724,186.6100748693154
2025-11-25 10:09:36.000,223.26760682923558,0.8966903129880616,200.2019002478027
2025-11-25 10:09:37.000,220.5559773670118,1.0817713264801303,238.59113219943393
2025-11-25 10:09:38.000,218.75788170373082,1.0262795663409416,224.50674396856786
2025-11-25 10:09:39.000,224.55781335238936,1.0714712853212305,240.6072489016096
2025-11-25 10:09:40.000,223.4298631589917,0.8460807991825446,189.0397171828063
2025-11-25 10:09:41.000,218.86199315773874,0.9411882331276796,205.99033263893443
2025-11-25 10:09:42.000,228.08644848303243,0.9621499240826685,219.45335909223513
2025-11-25 10:09:43.000,224.5257509395748,1.244319967631743,279.3818751416245
2025-11-25 10:09:44.000,222.1631349926858,0.9594585486966263,213.156319073975
2025-11-25 10:09:45.000,225.5579870581657,0.9656460627659629,217.80918212813373
2025-11-25 10:09:46.000,226.87098864164102,1.1022261857256188,250.06314446227617
2025-11-25 10:09:47.000,214.44300506738196,0.697139994976196,149.49679547535504
2025-11-25 10:09:48.000,221.9923476257382,1.0484013678126618,232.73708089476784
2025-11-25 10:09:49.000,221.611524887388,1.3212739857814282,292.80954278305927
2025-11-25 10:09:50.000,215.6038324188097,1.152871006466215,248.5634072786463
2025-11-25 10:09:51.000,215.7838873142528,1.109009825142107,239.30645113886362
2025-11-25 10:09:52.000,221.0065085450574,1.062708922755314,234.865588617831
2025-11-25 10:09:53.000,220.72357987011839,0.7992533761562741,176.41406640849115
2025-11-25 10:09:54.000,219.39529044279905,1.1925462487064926,261.63903060143144
2025-11-25 10:09:55.000,222.35520131854796,1.1082684244713994,246.42924863832798
2025-11-25 10:09:56.000,225.70335052926603,1.099085777139053,248.06734241934643
2025-11-25 10:09:57.000,224.99488300795488,0.8778603279099867,197.51408177543237
2025-11-25 10:09:58.000,218.43709453371196,1.0290764516818083,224.788470158436
2025-11-25 10:09:59.000,212.7118372260197,1.0633601554086718,226.1892922899244
